profile,operation,repeat,http_ms,server_ms,db_ms,queries,status,code_ms
small,login,1,84.6684,83.478,1.068,1,200,82.41
small,login,2,88.2032,86.763,1.248,1,200,85.515
small,login,3,105.2118,104.032,0.907,1,200,103.125
small,login,4,86.724,85.51,1.091,1,200,84.419
small,login,5,87.0712,85.836,1.239,1,200,84.597
small,login,6,99.4321,98.17,0.906,1,200,97.264
small,login,7,104.2958,103.109,1.049,1,200,102.06
small,login,8,83.0177,81.921,0.932,1,200,80.989
small,login,9,100.9814,99.848,1.066,1,200,98.782
small,login,10,84.5891,83.338,1.034,1,200,82.304
small,login,11,89.8991,88.718,0.859,1,200,87.859
small,login,12,85.8365,84.582,1.035,1,200,83.547
small,login,13,84.8555,83.77,0.908,1,200,82.862
small,login,14,91.877,90.196,0.908,1,200,89.288
small,login,15,85.5844,84.19,0.926,1,200,83.264
small,login,16,112.5672,111.17,0.969,1,200,110.201
small,login,17,87.4058,85.984,1.338,1,200,84.646
small,login,18,87.6144,86.256,0.967,1,200,85.289
small,login,19,83.7806,82.544,0.987,1,200,81.557
small,login,20,83.6425,82.312,0.856,1,200,81.456
small,login,21,82.7479,81.433,1.056,1,200,80.377
small,login,22,95.6533,94.507,0.928,1,200,93.579
small,login,23,86.6219,85.322,0.902,1,200,84.42
small,login,24,103.7425,102.435,0.964,1,200,101.471
small,login,25,87.6331,86.171,1.011,1,200,85.16
small,login,26,86.8215,85.367,0.932,1,200,84.435
small,login,27,85.2979,83.733,1.081,1,200,82.652
small,login,28,90.8839,89.217,0.94,1,200,88.277
small,login,29,85.9935,84.72,1.164,1,200,83.556
small,login,30,86.643,85.192,0.938,1,200,84.254
small,login,31,106.7062,105.501,0.982,1,200,104.519
small,login,32,94.4776,93.33,1.049,1,200,92.281
small,login,33,90.9896,89.708,1.212,1,200,88.496
small,login,34,87.4786,85.998,0.905,1,200,85.093
small,login,35,83.1928,81.803,1.112,1,200,80.691
small,login,36,87.7134,86.512,1.178,1,200,85.334
small,login,37,82.3288,80.86,0.852,1,200,80.008
small,login,38,92.9589,91.603,0.997,1,200,90.606
small,login,39,87.1429,85.998,0.895,1,200,85.103
small,login,40,92.1056,90.685,1.211,1,200,89.474
small,logout,1,2.3288,1.094,0.0,0,200,1.094
small,logout,2,2.2422,1.114,0.0,0,200,1.114
small,logout,3,2.1154,0.86,0.0,0,200,0.86
small,logout,4,2.1502,0.998,0.0,0,200,0.998
small,logout,5,2.996,1.643,0.0,0,200,1.643
small,logout,6,2.7451,1.396,0.0,0,200,1.396
small,logout,7,2.1819,0.99,0.0,0,200,0.99
small,logout,8,2.9884,1.336,0.0,0,200,1.336
small,logout,9,2.6911,1.283,0.0,0,200,1.283
small,logout,10,3.5261,1.662,0.0,0,200,1.662
small,logout,11,2.2,0.942,0.0,0,200,0.942
small,logout,12,1.7695,0.801,0.0,0,200,0.801
small,logout,13,2.5938,1.139,0.0,0,200,1.139
small,logout,14,2.5117,1.214,0.0,0,200,1.214
small,logout,15,2.4923,1.248,0.0,0,200,1.248
small,logout,16,2.939,1.422,0.0,0,200,1.422
small,logout,17,2.7607,1.269,0.0,0,200,1.269
small,logout,18,2.3344,1.168,0.0,0,200,1.168
small,logout,19,2.243,1.047,0.0,0,200,1.047
small,logout,20,2.6724,1.242,0.0,0,200,1.242
small,logout,21,3.1345,1.503,0.0,0,200,1.503
small,logout,22,2.6237,1.322,0.0,0,200,1.322
small,logout,23,2.7596,1.374,0.0,0,200,1.374
small,logout,24,2.9723,1.635,0.0,0,200,1.635
small,logout,25,2.9366,1.394,0.0,0,200,1.394
small,logout,26,2.7841,1.525,0.0,0,200,1.525
small,logout,27,2.3505,1.218,0.0,0,200,1.218
small,logout,28,2.284,1.026,0.0,0,200,1.026
small,logout,29,2.4807,1.167,0.0,0,200,1.167
small,logout,30,3.2655,1.552,0.0,0,200,1.552
small,logout,31,3.1812,1.424,0.0,0,200,1.424
small,logout,32,2.6124,1.187,0.0,0,200,1.187
small,logout,33,3.5403,1.723,0.0,0,200,1.723
small,logout,34,2.3228,1.006,0.0,0,200,1.006
small,logout,35,2.9071,1.447,0.0,0,200,1.447
small,logout,36,2.6359,1.251,0.0,0,200,1.251
small,logout,37,2.3554,1.055,0.0,0,200,1.055
small,logout,38,2.5418,1.293,0.0,0,200,1.293
small,logout,39,2.2199,1.073,0.0,0,200,1.073
small,logout,40,2.5604,1.122,0.0,0,200,1.122
small,me,1,29.7464,28.619,0.975,1,200,27.644
small,me,2,28.8874,27.469,0.904,1,200,26.565
small,me,3,28.6122,27.234,0.9,1,200,26.334
small,me,4,28.9567,27.719,0.911,1,200,26.808
small,me,5,30.0448,28.788,1.102,1,200,27.686
small,me,6,28.6497,27.363,1.189,1,200,26.174
small,me,7,28.7289,27.518,0.899,1,200,26.619
small,me,8,29.1686,28.065,0.937,1,200,27.128
small,me,9,28.8124,27.473,0.838,1,200,26.635
small,me,10,30.1464,28.823,0.981,1,200,27.842
small,me,11,29.2426,27.969,1.087,1,200,26.882
small,me,12,32.1732,30.956,1.175,1,200,29.781
small,me,13,30.9089,29.702,1.062,1,200,28.64
small,me,14,30.4937,29.246,0.981,1,200,28.265
small,me,15,31.1756,29.811,0.984,1,200,28.827
small,me,16,28.0071,27.052,1.137,1,200,25.915
small,me,17,28.6943,27.43,0.853,1,200,26.577
small,me,18,30.0629,28.792,0.941,1,200,27.851
small,me,19,32.5755,31.117,1.147,1,200,29.97
small,me,20,30.843,29.707,0.9,1,200,28.807
small,me,21,32.4475,31.363,0.994,1,200,30.369
small,me,22,30.2444,29.18,0.946,1,200,28.234
small,me,23,28.0514,26.907,0.986,1,200,25.921
small,me,24,32.3448,30.96,1.263,1,200,29.697
small,me,25,30.0977,28.941,0.97,1,200,27.971
small,me,26,29.4181,28.121,1.035,1,200,27.086
small,me,27,29.0953,27.653,1.245,1,200,26.408
small,me,28,29.0669,27.851,0.946,1,200,26.905
small,me,29,28.3534,26.997,0.927,1,200,26.07
small,me,30,33.9098,32.581,0.89,1,200,31.691
small,me,31,31.6939,30.264,1.18,1,200,29.084
small,me,32,27.7654,26.64,0.899,1,200,25.741
small,me,33,28.7007,27.485,0.902,1,200,26.583
small,me,34,29.9952,28.825,0.854,1,200,27.971
small,me,35,31.1369,29.915,1.078,1,200,28.837
small,me,36,30.571,29.368,1.015,1,200,28.353
small,me,37,29.9665,28.79,1.07,1,200,27.72
small,me,38,29.9784,28.381,1.089,1,200,27.292
small,me,39,27.8181,26.792,0.873,1,200,25.919
small,me,40,29.1676,27.819,1.187,1,200,26.632
small,services,1,32.5706,31.316,1.117,1,200,30.199
small,services,2,28.5134,27.471,1.021,1,200,26.45
small,services,3,28.4984,27.275,1.185,1,200,26.09
small,services,4,35.1988,33.941,0.941,1,200,33.0
small,services,5,30.3623,29.049,1.172,1,200,27.877
small,services,6,32.7545,31.282,1.015,1,200,30.267
small,services,7,31.1284,29.583,1.205,1,200,28.378
small,services,8,139.5481,138.263,1.561,1,200,136.702
small,services,9,28.1702,27.147,0.953,1,200,26.194
small,services,10,29.8093,28.581,0.915,1,200,27.666
small,services,11,30.3412,29.343,0.963,1,200,28.38
small,services,12,28.9998,27.793,0.968,1,200,26.825
small,services,13,29.1498,27.9,0.999,1,200,26.901
small,services,14,30.223,28.766,1.467,1,200,27.299
small,services,15,33.81,32.269,1.159,1,200,31.11
small,services,16,32.3918,31.145,1.132,1,200,30.013
small,services,17,32.4375,31.21,1.05,1,200,30.16
small,services,18,30.9841,29.735,1.435,1,200,28.3
small,services,19,28.5048,27.396,0.991,1,200,26.405
small,services,20,34.7271,33.395,1.259,1,200,32.136
small,services,21,28.4222,27.258,1.044,1,200,26.214
small,services,22,29.2092,27.882,1.124,1,200,26.758
small,services,23,29.4046,28.156,0.971,1,200,27.185
small,services,24,30.0412,29.052,0.984,1,200,28.068
small,services,25,28.3667,27.129,1.019,1,200,26.11
small,services,26,29.828,28.588,1.081,1,200,27.507
small,services,27,32.8659,31.635,0.94,1,200,30.695
small,services,28,30.0883,29.025,0.917,1,200,28.108
small,services,29,27.9196,26.778,0.989,1,200,25.789
small,services,30,31.3965,30.281,1.037,1,200,29.244
small,services,31,29.4647,28.174,1.227,1,200,26.947
small,services,32,29.2982,28.155,1.053,1,200,27.102
small,services,33,28.7423,27.44,1.086,1,200,26.354
small,services,34,28.5689,27.319,1.469,1,200,25.85
small,services,35,30.3787,29.16,1.106,1,200,28.054
small,services,36,32.5641,30.937,0.949,1,200,29.988
small,services,37,30.0731,28.693,0.888,1,200,27.805
small,services,38,28.1127,26.986,0.906,1,200,26.08
small,services,39,28.4596,27.438,1.085,1,200,26.353
small,services,40,30.335,28.996,1.268,1,200,27.728
small,specialists,1,35.3006,33.979,1.075,1,200,32.904
small,specialists,2,31.2973,29.873,1.084,1,200,28.789
small,specialists,3,30.8029,29.689,1.078,1,200,28.611
small,specialists,4,30.4239,29.194,1.024,1,200,28.17
small,specialists,5,30.3446,29.011,0.973,1,200,28.038
small,specialists,6,29.7578,28.525,1.128,1,200,27.397
small,specialists,7,28.8141,27.721,1.029,1,200,26.692
small,specialists,8,28.4591,27.398,1.01,1,200,26.388
small,specialists,9,28.2444,26.91,0.985,1,200,25.925
small,specialists,10,30.0264,28.119,1.218,1,200,26.901
small,specialists,11,33.171,31.776,0.965,1,200,30.811
small,specialists,12,30.0268,28.523,1.097,1,200,27.426
small,specialists,13,30.7084,29.342,1.352,1,200,27.99
small,specialists,14,31.6302,30.16,1.498,1,200,28.662
small,specialists,15,28.0983,26.841,0.918,1,200,25.923
small,specialists,16,136.5098,135.508,1.223,1,200,134.285
small,specialists,17,30.031,28.846,1.118,1,200,27.728
small,specialists,18,28.8678,27.766,1.136,1,200,26.63
small,specialists,19,30.5606,29.348,1.11,1,200,28.238
small,specialists,20,31.3632,29.702,1.274,1,200,28.428
small,specialists,21,31.8972,30.679,0.999,1,200,29.68
small,specialists,22,28.7133,27.5,1.043,1,200,26.457
small,specialists,23,29.1746,28.012,1.278,1,200,26.734
small,specialists,24,29.1255,27.349,1.078,1,200,26.271
small,specialists,25,29.6214,28.561,1.133,1,200,27.428
small,specialists,26,28.1274,27.082,1.104,1,200,25.978
small,specialists,27,29.3172,27.791,1.212,1,200,26.579
small,specialists,28,30.5138,29.185,1.864,1,200,27.321
small,specialists,29,30.7945,29.493,0.958,1,200,28.535
small,specialists,30,29.1101,27.904,1.325,1,200,26.579
small,specialists,31,29.2285,27.817,1.047,1,200,26.77
small,specialists,32,31.3764,30.213,0.961,1,200,29.252
small,specialists,33,31.4983,30.264,1.084,1,200,29.18
small,specialists,34,141.2791,140.046,2.013,1,200,138.033
small,specialists,35,33.6975,32.432,1.33,1,200,31.102
small,specialists,36,28.574,27.401,0.961,1,200,26.44
small,specialists,37,30.6432,29.494,1.565,1,200,27.929
small,specialists,38,34.1238,32.571,0.961,1,200,31.61
small,specialists,39,33.4591,32.069,1.191,1,200,30.878
small,specialists,40,34.8049,33.294,1.23,1,200,32.064
small,slots,1,32.3915,31.086,3.613,3,200,27.473
small,slots,2,34.1163,32.178,3.993,3,200,28.185
small,slots,3,33.6985,32.196,3.939,3,200,28.257
small,slots,4,33.6811,32.48,3.982,3,200,28.498
small,slots,5,32.4394,31.162,3.649,3,200,27.513
small,slots,6,35.0019,33.894,3.966,3,200,29.928
small,slots,7,31.5732,30.272,3.97,3,200,26.302
small,slots,8,30.5468,29.45,3.549,3,200,25.901
small,slots,9,33.2239,31.844,4.362,3,200,27.482
small,slots,10,35.3463,33.898,4.225,3,200,29.673
small,slots,11,32.9981,31.812,4.156,3,200,27.656
small,slots,12,32.2109,30.98,3.721,3,200,27.259
small,slots,13,32.4881,30.958,3.919,3,200,27.039
small,slots,14,35.3005,34.115,3.842,3,200,30.273
small,slots,15,34.7517,33.152,4.096,3,200,29.056
small,slots,16,32.2567,30.784,3.43,3,200,27.354
small,slots,17,32.3763,31.07,3.886,3,200,27.184
small,slots,18,32.722,31.459,3.978,3,200,27.481
small,slots,19,37.6654,36.46,3.958,3,200,32.502
small,slots,20,32.9113,31.736,4.356,3,200,27.38
small,slots,21,35.8214,34.705,3.648,3,200,31.057
small,slots,22,34.948,33.823,4.573,3,200,29.25
small,slots,23,31.8894,30.608,4.304,3,200,26.304
small,slots,24,35.0374,33.766,4.193,3,200,29.573
small,slots,25,31.8597,30.496,3.478,3,200,27.018
small,slots,26,31.505,30.2,4.064,3,200,26.136
small,slots,27,34.189,33.025,4.274,3,200,28.751
small,slots,28,32.8263,31.646,3.816,3,200,27.83
small,slots,29,33.7078,32.372,4.288,3,200,28.084
small,slots,30,32.9389,31.634,4.136,3,200,27.498
small,slots,31,31.6041,30.468,3.71,3,200,26.758
small,slots,32,35.2942,33.451,3.816,3,200,29.635
small,slots,33,31.5195,30.234,3.621,3,200,26.613
small,slots,34,33.5673,32.352,3.606,3,200,28.746
small,slots,35,34.5784,33.054,3.959,3,200,29.095
small,slots,36,34.4973,33.176,3.957,3,200,29.219
small,slots,37,34.8021,33.386,4.044,3,200,29.342
small,slots,38,32.9201,31.506,4.25,3,200,27.256
small,slots,39,36.3038,34.877,3.745,3,200,31.132
small,slots,40,32.4227,31.217,3.977,3,200,27.24
small,appointments,1,33.3129,31.979,2.529,2,200,29.45
small,appointments,2,32.6502,31.219,2.722,2,200,28.497
small,appointments,3,32.0387,30.71,2.536,2,200,28.174
small,appointments,4,34.1491,32.66,2.648,2,200,30.012
small,appointments,5,32.6437,31.487,3.025,2,200,28.462
small,appointments,6,31.0417,29.524,2.483,2,200,27.041
small,appointments,7,31.6559,30.186,2.538,2,200,27.648
small,appointments,8,31.5766,30.361,2.396,2,200,27.965
small,appointments,9,33.8057,32.622,2.794,2,200,29.828
small,appointments,10,30.7924,29.526,3.004,2,200,26.522
small,appointments,11,33.4688,31.678,2.952,2,200,28.726
small,appointments,12,32.4601,31.271,2.844,2,200,28.427
small,appointments,13,138.3936,137.137,3.185,2,200,133.952
small,appointments,14,146.9126,145.632,2.946,2,200,142.686
small,appointments,15,32.5486,30.881,3.134,2,200,27.747
small,appointments,16,31.9231,30.705,3.06,2,200,27.645
small,appointments,17,30.2847,28.992,2.375,2,200,26.617
small,appointments,18,32.5855,30.997,2.77,2,200,28.227
small,appointments,19,134.0231,132.846,3.11,2,200,129.736
small,appointments,20,33.7045,32.529,2.622,2,200,29.907
small,appointments,21,31.4244,29.989,3.061,2,200,26.928
small,appointments,22,33.4393,32.172,3.02,2,200,29.152
small,appointments,23,31.2071,29.987,2.636,2,200,27.351
small,appointments,24,32.7362,31.621,2.924,2,200,28.697
small,appointments,25,34.3454,32.063,2.884,2,200,29.179
small,appointments,26,33.8283,32.45,2.708,2,200,29.742
small,appointments,27,33.5877,31.905,2.803,2,200,29.102
small,appointments,28,32.7882,31.453,3.21,2,200,28.243
small,appointments,29,32.225,30.65,2.812,2,200,27.838
small,appointments,30,31.9538,30.587,2.509,2,200,28.078
small,appointments,31,31.8858,30.692,2.788,2,200,27.904
small,appointments,32,31.059,29.782,3.203,2,200,26.579
small,appointments,33,31.4167,30.192,2.621,2,200,27.571
small,appointments,34,34.4992,32.762,3.083,2,200,29.679
small,appointments,35,35.4763,33.855,3.29,2,200,30.565
small,appointments,36,35.2735,34.109,3.477,2,200,30.632
small,appointments,37,33.8728,32.117,2.572,2,200,29.545
small,appointments,38,32.9397,31.791,2.366,2,200,29.425
small,appointments,39,32.3969,31.177,2.951,2,200,28.226
small,appointments,40,31.5221,30.204,2.649,2,200,27.555
small,card,1,29.3923,28.264,1.892,1,200,26.372
small,card,2,28.9114,27.827,1.828,1,200,25.999
small,card,3,31.979,30.879,2.051,1,200,28.828
small,card,4,30.3898,28.863,1.704,1,200,27.159
small,card,5,31.1899,30.064,2.396,1,200,27.668
small,card,6,32.8692,31.8,1.652,1,200,30.148
small,card,7,29.6257,28.325,1.85,1,200,26.475
small,card,8,32.1352,30.69,2.262,1,200,28.428
small,card,9,31.2038,29.968,2.363,1,200,27.605
small,card,10,29.9038,28.5,1.631,1,200,26.869
small,card,11,35.5438,34.51,2.043,1,200,32.467
small,card,12,30.9225,29.655,2.19,1,200,27.465
small,card,13,30.3879,29.278,1.776,1,200,27.502
small,card,14,33.4708,32.397,1.964,1,200,30.433
small,card,15,28.1505,27.053,1.622,1,200,25.431
small,card,16,29.9856,28.885,1.67,1,200,27.215
small,card,17,32.5681,30.989,2.151,1,200,28.838
small,card,18,30.3698,28.861,2.152,1,200,26.709
small,card,19,33.923,32.732,1.845,1,200,30.887
small,card,20,30.6362,29.286,2.016,1,200,27.27
small,card,21,29.0563,27.818,1.642,1,200,26.176
small,card,22,29.9342,28.695,1.703,1,200,26.992
small,card,23,138.1743,136.91,2.151,1,200,134.759
small,card,24,29.7416,28.623,2.009,1,200,26.614
small,card,25,29.2805,28.076,1.838,1,200,26.238
small,card,26,29.7634,28.741,1.745,1,200,26.996
small,card,27,30.6356,29.534,2.275,1,200,27.259
small,card,28,31.9248,30.333,1.794,1,200,28.539
small,card,29,139.3223,138.044,1.946,1,200,136.098
small,card,30,29.4906,28.333,1.799,1,200,26.534
small,card,31,30.9949,29.87,1.741,1,200,28.129
small,card,32,33.7649,32.209,1.984,1,200,30.225
small,card,33,34.3497,33.009,1.964,1,200,31.045
small,card,34,30.8455,29.7,2.023,1,200,27.677
small,card,35,31.4062,30.178,2.209,1,200,27.969
small,card,36,29.301,28.019,1.692,1,200,26.327
small,card,37,28.5906,27.609,1.81,1,200,25.799
small,card,38,30.6887,29.537,1.835,1,200,27.702
small,card,39,29.6891,28.523,1.633,1,200,26.89
small,card,40,28.9919,27.836,1.772,1,200,26.064
small,create,1,36.6696,35.342,5.984,6,201,29.358
small,create,2,35.684,34.024,5.544,6,201,28.48
small,create,3,36.5638,35.042,6.029,6,201,29.013
small,create,4,36.8596,35.523,5.284,6,201,30.239
small,create,5,33.6667,32.494,5.434,6,201,27.06
small,create,6,36.3587,35.006,5.818,6,201,29.188
small,create,7,34.5946,33.129,5.42,6,201,27.709
small,create,8,38.0711,36.75,5.727,6,201,31.023
small,create,9,36.9623,35.814,5.737,6,201,30.077
small,create,10,38.5796,37.358,5.72,6,201,31.638
small,create,11,140.48,139.189,5.707,6,201,133.482
small,create,12,36.6209,35.159,6.447,6,201,28.712
small,create,13,35.2463,34.036,6.226,6,201,27.81
small,create,14,35.2788,34.12,6.204,6,201,27.916
small,create,15,36.218,35.047,5.774,6,201,29.273
small,create,16,35.2945,33.927,5.49,6,201,28.437
small,create,17,35.7985,34.475,6.481,6,201,27.994
small,create,18,33.7268,32.562,5.384,6,201,27.178
small,create,19,36.7339,35.196,3.88,6,201,31.316
small,create,20,36.298,35.054,6.167,6,201,28.887
small,create,21,38.3186,36.795,5.88,6,201,30.915
small,create,22,34.4193,32.81,5.688,6,201,27.122
small,create,23,35.0553,33.823,5.379,6,201,28.444
small,create,24,31.8375,30.779,4.452,6,201,26.327
small,create,25,33.7108,32.234,5.601,6,201,26.633
small,create,26,35.3511,33.787,6.455,6,201,27.332
small,create,27,34.329,33.221,5.462,6,201,27.759
small,create,28,39.1338,37.893,5.751,6,201,32.142
small,create,29,33.875,32.708,5.844,6,201,26.864
small,create,30,36.6445,35.333,5.797,6,201,29.536
small,create,31,33.1699,31.791,4.935,6,201,26.856
small,create,32,34.8305,33.595,5.972,6,201,27.623
small,create,33,37.7844,36.679,6.649,6,201,30.03
small,create,34,36.9411,35.7,5.877,6,201,29.823
small,create,35,35.2256,33.758,5.758,6,201,28.0
small,create,36,34.3543,33.105,5.518,6,201,27.587
small,create,37,34.0867,32.964,5.797,6,201,27.167
small,create,38,35.2953,34.165,6.147,6,201,28.018
small,create,39,36.2805,35.006,5.289,6,201,29.717
small,create,40,36.3546,35.174,5.671,6,201,29.503
small,cancel,1,37.2459,36.038,3.234,3,200,32.804
small,cancel,2,30.8145,29.692,2.942,3,200,26.75
small,cancel,3,32.4096,30.937,4.209,3,200,26.728
small,cancel,4,30.9892,29.863,2.821,3,200,27.042
small,cancel,5,31.1998,29.788,2.802,3,200,26.986
small,cancel,6,31.7521,30.634,2.834,3,200,27.8
small,cancel,7,30.623,29.435,3.255,3,200,26.18
small,cancel,8,31.0149,29.824,3.006,3,200,26.818
small,cancel,9,36.0494,34.825,2.941,3,200,31.884
small,cancel,10,31.4567,29.996,3.058,3,200,26.938
small,cancel,11,31.5392,30.318,3.378,3,200,26.94
small,cancel,12,32.2866,30.983,3.312,3,200,27.671
small,cancel,13,32.7243,31.128,3.353,3,200,27.775
small,cancel,14,33.3195,32.087,3.948,3,200,28.139
small,cancel,15,31.5883,30.431,2.934,3,200,27.497
small,cancel,16,31.8907,30.708,2.895,3,200,27.813
small,cancel,17,30.9609,29.862,2.736,3,200,27.126
small,cancel,18,31.4931,30.438,2.782,3,200,27.656
small,cancel,19,31.3609,30.259,2.672,3,200,27.587
small,cancel,20,33.5998,32.589,2.914,3,200,29.675
small,cancel,21,31.3127,29.984,2.67,3,200,27.314
small,cancel,22,32.0318,30.326,2.569,3,200,27.757
small,cancel,23,32.3549,31.188,3.025,3,200,28.163
small,cancel,24,31.8342,30.764,2.945,3,200,27.819
small,cancel,25,31.5431,30.335,3.003,3,200,27.332
small,cancel,26,31.1486,29.907,3.305,3,200,26.602
small,cancel,27,32.7482,31.275,3.228,3,200,28.047
small,cancel,28,32.6792,31.562,3.404,3,200,28.158
small,cancel,29,33.3901,32.116,2.868,3,200,29.248
small,cancel,30,35.1129,33.875,3.098,3,200,30.777
small,cancel,31,35.3351,34.043,3.547,3,200,30.496
small,cancel,32,32.8402,31.608,3.517,3,200,28.091
small,cancel,33,34.4831,33.251,2.958,3,200,30.293
small,cancel,34,29.1539,28.026,2.947,3,200,25.079
small,cancel,35,33.1463,31.673,3.536,3,200,28.137
small,cancel,36,31.4631,30.236,2.848,3,200,27.388
small,cancel,37,29.9694,28.745,3.011,3,200,25.734
small,cancel,38,32.1568,31.116,3.114,3,200,28.002
small,cancel,39,148.7605,147.306,5.165,3,200,142.141
small,cancel,40,32.7026,31.483,3.098,3,200,28.385
small,summary,1,30.8708,29.824,2.602,1,200,27.222
small,summary,2,142.7996,141.512,2.749,1,200,138.763
small,summary,3,31.215,30.122,3.015,1,200,27.107
small,summary,4,31.7654,30.606,2.663,1,200,27.943
small,summary,5,31.1638,30.057,2.821,1,200,27.236
small,summary,6,31.1818,29.841,2.769,1,200,27.072
small,summary,7,34.4214,33.217,2.742,1,200,30.475
small,summary,8,31.7946,30.42,2.993,1,200,27.427
small,summary,9,33.5984,32.338,4.184,1,200,28.154
small,summary,10,35.2706,33.917,2.695,1,200,31.222
small,summary,11,33.6824,32.207,2.651,1,200,29.556
small,summary,12,30.6168,29.084,2.835,1,200,26.249
small,summary,13,29.9767,28.642,2.93,1,200,25.712
small,summary,14,31.0547,29.959,2.613,1,200,27.346
small,summary,15,32.8691,31.758,3.093,1,200,28.665
small,summary,16,31.5487,30.253,3.22,1,200,27.033
small,summary,17,37.4721,35.889,2.923,1,200,32.966
small,summary,18,30.9891,29.795,2.897,1,200,26.898
small,summary,19,33.6117,32.253,2.754,1,200,29.499
small,summary,20,34.1035,32.843,2.887,1,200,29.956
small,summary,21,32.5062,31.387,2.96,1,200,28.427
small,summary,22,147.2002,145.955,4.898,1,200,141.057
small,summary,23,30.0038,28.648,2.849,1,200,25.799
small,summary,24,30.5344,29.412,2.754,1,200,26.658
small,summary,25,30.2765,29.211,3.037,1,200,26.174
small,summary,26,33.2819,31.907,2.76,1,200,29.147
small,summary,27,32.0673,30.858,2.616,1,200,28.242
small,summary,28,32.5333,31.26,2.792,1,200,28.468
small,summary,29,33.4891,32.273,2.835,1,200,29.438
small,summary,30,30.7817,29.473,2.892,1,200,26.581
small,summary,31,31.9155,30.42,2.792,1,200,27.628
small,summary,32,32.7884,31.343,2.989,1,200,28.354
small,summary,33,35.2776,33.956,2.583,1,200,31.373
small,summary,34,34.2707,33.129,3.017,1,200,30.112
small,summary,35,30.9791,29.621,2.684,1,200,26.937
small,summary,36,31.5788,30.348,2.875,1,200,27.473
small,summary,37,32.2141,30.817,2.743,1,200,28.074
small,summary,38,31.4416,30.147,3.026,1,200,27.121
small,summary,39,30.029,28.725,3.055,1,200,25.67
small,summary,40,30.6565,29.362,3.023,1,200,26.339
work,login,1,98.1156,96.785,0.935,1,200,95.85
work,login,2,90.5664,89.417,0.909,1,200,88.508
work,login,3,84.7387,83.184,0.991,1,200,82.193
work,login,4,87.021,85.235,1.279,1,200,83.956
work,login,5,87.2934,85.963,0.972,1,200,84.991
work,login,6,85.5868,84.029,0.926,1,200,83.103
work,login,7,208.3177,207.023,1.09,1,200,205.933
work,login,8,88.7219,87.288,1.552,1,200,85.736
work,login,9,99.1052,97.513,1.51,1,200,96.003
work,login,10,98.8374,97.416,1.322,1,200,96.094
work,login,11,85.0438,83.731,1.233,1,200,82.498
work,login,12,84.7084,83.258,0.972,1,200,82.286
work,login,13,85.8588,84.593,0.825,1,200,83.768
work,login,14,97.7045,96.382,0.873,1,200,95.509
work,login,15,88.4823,87.166,1.015,1,200,86.151
work,login,16,88.8303,87.423,0.88,1,200,86.543
work,login,17,93.5049,92.141,0.964,1,200,91.177
work,login,18,83.327,82.165,1.109,1,200,81.056
work,login,19,200.141,198.766,1.279,1,200,197.487
work,login,20,93.4844,91.788,0.829,1,200,90.959
work,login,21,86.4758,85.093,0.88,1,200,84.213
work,login,22,93.5718,92.33,1.144,1,200,91.186
work,login,23,97.1727,95.351,0.906,1,200,94.445
work,login,24,93.2124,91.421,0.994,1,200,90.427
work,login,25,83.2396,81.791,1.183,1,200,80.608
work,login,26,97.5345,96.241,1.114,1,200,95.127
work,login,27,86.6184,85.256,0.966,1,200,84.29
work,login,28,86.9223,85.483,0.922,1,200,84.561
work,login,29,86.419,84.772,1.125,1,200,83.647
work,login,30,97.6707,96.396,0.966,1,200,95.43
work,login,31,98.1497,96.726,1.062,1,200,95.664
work,login,32,89.0166,87.636,0.955,1,200,86.681
work,login,33,96.7818,95.368,1.11,1,200,94.258
work,login,34,92.2479,90.796,1.049,1,200,89.747
work,login,35,92.6188,91.359,1.089,1,200,90.27
work,login,36,91.8193,90.377,1.064,1,200,89.313
work,login,37,92.5696,91.311,0.82,1,200,90.491
work,login,38,84.9842,83.665,0.893,1,200,82.772
work,login,39,97.5761,96.059,0.861,1,200,95.198
work,login,40,96.0043,94.806,1.158,1,200,93.648
work,logout,1,2.3068,0.935,0.0,0,200,0.935
work,logout,2,2.349,1.083,0.0,0,200,1.083
work,logout,3,2.9029,1.396,0.0,0,200,1.396
work,logout,4,2.4855,1.132,0.0,0,200,1.132
work,logout,5,2.907,1.445,0.0,0,200,1.445
work,logout,6,2.458,1.032,0.0,0,200,1.032
work,logout,7,2.3731,1.215,0.0,0,200,1.215
work,logout,8,2.1266,1.114,0.0,0,200,1.114
work,logout,9,2.642,1.39,0.0,0,200,1.39
work,logout,10,2.4781,1.186,0.0,0,200,1.186
work,logout,11,1.9768,0.862,0.0,0,200,0.862
work,logout,12,2.6151,1.421,0.0,0,200,1.421
work,logout,13,2.3827,1.238,0.0,0,200,1.238
work,logout,14,2.6226,1.101,0.0,0,200,1.101
work,logout,15,2.7102,1.355,0.0,0,200,1.355
work,logout,16,3.2345,1.614,0.0,0,200,1.614
work,logout,17,2.5413,1.331,0.0,0,200,1.331
work,logout,18,2.3381,1.131,0.0,0,200,1.131
work,logout,19,2.4153,1.221,0.0,0,200,1.221
work,logout,20,2.0154,0.963,0.0,0,200,0.963
work,logout,21,2.6911,1.392,0.0,0,200,1.392
work,logout,22,2.4767,1.064,0.0,0,200,1.064
work,logout,23,2.8288,1.294,0.0,0,200,1.294
work,logout,24,2.5537,1.191,0.0,0,200,1.191
work,logout,25,2.0528,0.97,0.0,0,200,0.97
work,logout,26,2.3953,0.999,0.0,0,200,0.999
work,logout,27,2.5693,1.204,0.0,0,200,1.204
work,logout,28,2.5181,1.079,0.0,0,200,1.079
work,logout,29,2.9628,1.339,0.0,0,200,1.339
work,logout,30,2.4524,1.13,0.0,0,200,1.13
work,logout,31,2.3821,1.111,0.0,0,200,1.111
work,logout,32,2.192,0.926,0.0,0,200,0.926
work,logout,33,2.4374,1.153,0.0,0,200,1.153
work,logout,34,2.5424,1.197,0.0,0,200,1.197
work,logout,35,3.0423,1.542,0.0,0,200,1.542
work,logout,36,2.4547,1.224,0.0,0,200,1.224
work,logout,37,2.4223,1.181,0.0,0,200,1.181
work,logout,38,2.3129,0.939,0.0,0,200,0.939
work,logout,39,2.6766,1.388,0.0,0,200,1.388
work,logout,40,2.7501,1.285,0.0,0,200,1.285
work,me,1,29.8362,28.665,0.917,1,200,27.748
work,me,2,30.6043,29.474,1.023,1,200,28.451
work,me,3,28.8643,27.717,0.936,1,200,26.781
work,me,4,29.4407,28.311,0.856,1,200,27.455
work,me,5,28.7747,27.701,0.924,1,200,26.777
work,me,6,31.3799,29.414,0.931,1,200,28.483
work,me,7,33.0331,31.805,0.972,1,200,30.833
work,me,8,29.146,27.829,1.253,1,200,26.576
work,me,9,30.9858,29.751,0.877,1,200,28.874
work,me,10,27.828,26.507,0.862,1,200,25.645
work,me,11,28.0115,26.81,1.14,1,200,25.67
work,me,12,139.9486,138.857,1.031,1,200,137.826
work,me,13,29.7686,28.549,1.018,1,200,27.531
work,me,14,29.6236,28.427,0.898,1,200,27.529
work,me,15,29.7593,28.322,1.116,1,200,27.206
work,me,16,28.8519,27.82,0.86,1,200,26.96
work,me,17,28.857,27.731,1.162,1,200,26.569
work,me,18,29.6476,28.537,1.011,1,200,27.526
work,me,19,29.5907,28.176,1.35,1,200,26.826
work,me,20,28.8595,27.557,1.057,1,200,26.5
work,me,21,29.4361,28.267,0.888,1,200,27.379
work,me,22,30.4637,29.041,0.941,1,200,28.1
work,me,23,36.4677,35.117,1.009,1,200,34.108
work,me,24,136.1904,134.999,1.064,1,200,133.935
work,me,25,29.1617,27.723,1.3,1,200,26.423
work,me,26,28.5927,27.578,1.058,1,200,26.52
work,me,27,33.2611,32.138,0.906,1,200,31.232
work,me,28,30.5696,29.342,0.872,1,200,28.47
work,me,29,30.0144,28.89,0.982,1,200,27.908
work,me,30,29.4789,28.366,0.985,1,200,27.381
work,me,31,27.2836,26.127,0.915,1,200,25.212
work,me,32,29.681,28.587,1.128,1,200,27.459
work,me,33,138.8186,137.481,1.306,1,200,136.175
work,me,34,30.2573,29.066,1.135,1,200,27.931
work,me,35,142.1542,140.64,1.371,1,200,139.269
work,me,36,28.4053,27.083,1.169,1,200,25.914
work,me,37,31.8102,30.727,0.954,1,200,29.773
work,me,38,28.0713,26.655,1.12,1,200,25.535
work,me,39,29.053,27.953,1.085,1,200,26.868
work,me,40,31.6538,30.606,1.113,1,200,29.493
work,services,1,34.0287,32.89,1.098,1,200,31.792
work,services,2,29.344,27.958,0.99,1,200,26.968
work,services,3,29.7354,28.581,1.27,1,200,27.311
work,services,4,28.5448,27.394,1.191,1,200,26.203
work,services,5,29.5479,28.24,1.092,1,200,27.148
work,services,6,30.1413,28.833,1.306,1,200,27.527
work,services,7,28.7813,27.613,1.013,1,200,26.6
work,services,8,28.9437,27.5,1.134,1,200,26.366
work,services,9,31.9231,30.774,1.148,1,200,29.626
work,services,10,31.4306,30.212,1.011,1,200,29.201
work,services,11,28.7779,27.719,1.353,1,200,26.366
work,services,12,30.2167,28.878,1.088,1,200,27.79
work,services,13,28.7097,27.226,1.226,1,200,26.0
work,services,14,33.7858,32.83,1.029,1,200,31.801
work,services,15,31.2537,29.786,1.06,1,200,28.726
work,services,16,30.7283,29.284,1.624,1,200,27.66
work,services,17,137.2144,135.882,1.116,1,200,134.766
work,services,18,32.4578,31.181,1.054,1,200,30.127
work,services,19,33.1904,31.836,1.186,1,200,30.65
work,services,20,29.5966,28.16,1.059,1,200,27.101
work,services,21,31.9597,30.598,1.057,1,200,29.541
work,services,22,35.9487,34.497,1.16,1,200,33.337
work,services,23,30.8049,29.22,1.195,1,200,28.025
work,services,24,31.2319,29.968,1.225,1,200,28.743
work,services,25,32.2956,30.832,1.41,1,200,29.422
work,services,26,27.7169,26.629,1.058,1,200,25.571
work,services,27,40.6633,39.221,1.382,1,200,37.839
work,services,28,138.6434,137.461,1.209,1,200,136.252
work,services,29,30.8276,29.419,1.369,1,200,28.05
work,services,30,33.9123,32.495,1.96,1,200,30.535
work,services,31,37.0312,35.747,2.056,1,200,33.691
work,services,32,32.4117,31.198,1.281,1,200,29.917
work,services,33,33.2243,32.009,1.751,1,200,30.258
work,services,34,37.4734,35.372,1.121,1,200,34.251
work,services,35,31.5929,30.249,0.967,1,200,29.282
work,services,36,35.227,33.594,1.349,1,200,32.245
work,services,37,33.3214,31.978,1.298,1,200,30.68
work,services,38,30.6063,29.459,0.955,1,200,28.504
work,services,39,31.6597,30.274,0.959,1,200,29.315
work,services,40,30.4201,29.05,1.072,1,200,27.978
work,specialists,1,33.497,32.181,1.523,1,200,30.658
work,specialists,2,33.0197,31.565,1.516,1,200,30.049
work,specialists,3,35.5883,34.058,2.225,1,200,31.833
work,specialists,4,31.0643,29.984,1.338,1,200,28.646
work,specialists,5,31.7772,30.582,1.568,1,200,29.014
work,specialists,6,34.9446,33.421,1.484,1,200,31.937
work,specialists,7,33.0155,31.529,1.409,1,200,30.12
work,specialists,8,29.9849,28.949,1.526,1,200,27.423
work,specialists,9,32.5033,31.149,1.18,1,200,29.969
work,specialists,10,145.2764,144.147,1.185,1,200,142.962
work,specialists,11,33.6281,32.453,1.517,1,200,30.936
work,specialists,12,31.1992,30.083,1.158,1,200,28.925
work,specialists,13,36.9198,35.735,1.208,1,200,34.527
work,specialists,14,31.2526,30.016,1.223,1,200,28.793
work,specialists,15,29.972,28.881,1.329,1,200,27.552
work,specialists,16,30.5324,29.34,1.284,1,200,28.056
work,specialists,17,31.0241,29.758,1.276,1,200,28.482
work,specialists,18,36.0101,34.819,1.442,1,200,33.377
work,specialists,19,32.3011,30.748,1.236,1,200,29.512
work,specialists,20,31.0632,29.811,1.439,1,200,28.372
work,specialists,21,31.0396,29.799,1.411,1,200,28.388
work,specialists,22,143.7473,142.392,1.179,1,200,141.213
work,specialists,23,31.1417,29.969,1.407,1,200,28.562
work,specialists,24,30.3721,29.244,1.73,1,200,27.514
work,specialists,25,31.2298,29.982,1.222,1,200,28.76
work,specialists,26,30.3882,29.009,1.257,1,200,27.752
work,specialists,27,143.6222,142.36,1.513,1,200,140.847
work,specialists,28,30.089,28.792,1.133,1,200,27.659
work,specialists,29,34.527,33.088,1.283,1,200,31.805
work,specialists,30,33.1601,32.03,1.576,1,200,30.454
work,specialists,31,29.9248,28.709,1.407,1,200,27.302
work,specialists,32,33.9568,32.797,1.492,1,200,31.305
work,specialists,33,34.9254,33.41,1.239,1,200,32.171
work,specialists,34,31.1801,29.981,1.211,1,200,28.77
work,specialists,35,31.1188,29.575,1.209,1,200,28.366
work,specialists,36,36.544,35.178,1.186,1,200,33.992
work,specialists,37,31.5832,30.336,1.605,1,200,28.731
work,specialists,38,34.8201,33.392,1.36,1,200,32.032
work,specialists,39,30.255,29.08,1.317,1,200,27.763
work,specialists,40,33.8797,32.427,1.553,1,200,30.874
work,slots,1,693.092,691.895,660.853,3,200,31.042
work,slots,2,695.2976,694.039,664.225,3,200,29.814
work,slots,3,710.1645,708.854,678.828,3,200,30.026
work,slots,4,709.7512,708.374,678.979,3,200,29.395
work,slots,5,706.9325,705.178,677.172,3,200,28.006
work,slots,6,698.7557,697.552,665.943,3,200,31.609
work,slots,7,701.8295,700.554,671.511,3,200,29.043
work,slots,8,750.5527,749.103,721.443,3,200,27.66
work,slots,9,703.6255,702.511,671.303,3,200,31.208
work,slots,10,694.9054,693.855,666.558,3,200,27.297
work,slots,11,718.7942,717.518,689.267,3,200,28.251
work,slots,12,702.7014,701.458,673.895,3,200,27.563
work,slots,13,716.6739,715.451,687.437,3,200,28.014
work,slots,14,755.2498,753.503,726.064,3,200,27.439
work,slots,15,699.3439,698.238,669.681,3,200,28.557
work,slots,16,696.632,695.328,667.327,3,200,28.001
work,slots,17,766.2939,765.179,736.267,3,200,28.912
work,slots,18,734.9784,733.818,705.263,3,200,28.555
work,slots,19,716.7463,715.484,686.896,3,200,28.588
work,slots,20,709.246,708.023,681.891,3,200,26.132
work,slots,21,684.6375,682.977,656.366,3,200,26.611
work,slots,22,706.3788,704.729,674.928,3,200,29.801
work,slots,23,751.4914,750.01,722.67,3,200,27.34
work,slots,24,706.4973,705.172,679.274,3,200,25.898
work,slots,25,740.162,738.61,711.622,3,200,26.988
work,slots,26,689.8777,688.76,661.535,3,200,27.225
work,slots,27,710.1102,708.825,676.586,3,200,32.239
work,slots,28,682.2201,680.951,652.79,3,200,28.161
work,slots,29,700.4692,699.299,665.949,3,200,33.35
work,slots,30,709.2615,707.958,674.453,3,200,33.505
work,slots,31,696.1968,694.829,667.135,3,200,27.694
work,slots,32,674.6433,673.391,645.522,3,200,27.869
work,slots,33,750.8253,749.335,720.89,3,200,28.445
work,slots,34,716.8834,715.591,687.535,3,200,28.056
work,slots,35,700.6906,699.293,665.507,3,200,33.786
work,slots,36,703.1471,701.538,673.194,3,200,28.344
work,slots,37,714.8959,713.451,684.935,3,200,28.516
work,slots,38,724.1408,722.763,695.046,3,200,27.717
work,slots,39,705.7971,704.29,675.901,3,200,28.389
work,slots,40,688.2536,686.79,660.018,3,200,26.772
work,appointments,1,50.6037,49.228,19.046,2,200,30.182
work,appointments,2,47.1368,45.711,17.623,2,200,28.088
work,appointments,3,47.4353,46.045,17.521,2,200,28.524
work,appointments,4,49.1473,47.789,18.785,2,200,29.004
work,appointments,5,47.6139,46.191,18.297,2,200,27.894
work,appointments,6,46.63,45.443,17.454,2,200,27.989
work,appointments,7,49.4536,48.242,18.831,2,200,29.411
work,appointments,8,48.2689,46.956,17.896,2,200,29.06
work,appointments,9,45.7526,44.574,17.382,2,200,27.192
work,appointments,10,48.0977,46.758,18.639,2,200,28.119
work,appointments,11,48.5106,47.169,17.903,2,200,29.266
work,appointments,12,160.1036,158.967,18.432,2,200,140.535
work,appointments,13,47.3178,46.016,18.115,2,200,27.901
work,appointments,14,46.2145,45.131,17.631,2,200,27.5
work,appointments,15,48.0598,46.2,17.873,2,200,28.327
work,appointments,16,48.4416,47.172,18.307,2,200,28.865
work,appointments,17,46.1089,44.809,17.834,2,200,26.975
work,appointments,18,155.4485,154.309,18.567,2,200,135.742
work,appointments,19,49.8103,48.319,17.982,2,200,30.337
work,appointments,20,50.2533,48.855,17.804,2,200,31.051
work,appointments,21,48.4236,47.05,17.713,2,200,29.337
work,appointments,22,48.8475,47.379,17.763,2,200,29.616
work,appointments,23,51.7768,50.549,19.858,2,200,30.691
work,appointments,24,52.4558,50.832,18.736,2,200,32.096
work,appointments,25,49.3929,48.14,17.761,2,200,30.379
work,appointments,26,52.7456,51.366,18.638,2,200,32.728
work,appointments,27,48.9371,47.806,18.462,2,200,29.344
work,appointments,28,47.0307,45.864,17.851,2,200,28.013
work,appointments,29,50.97,49.924,20.068,2,200,29.856
work,appointments,30,50.5565,49.224,18.277,2,200,30.947
work,appointments,31,49.2644,47.751,17.64,2,200,30.111
work,appointments,32,53.2769,51.969,19.156,2,200,32.813
work,appointments,33,46.1042,44.866,17.56,2,200,27.306
work,appointments,34,52.1077,50.859,21.444,2,200,29.415
work,appointments,35,47.1516,45.774,17.97,2,200,27.804
work,appointments,36,47.6429,46.24,17.27,2,200,28.97
work,appointments,37,48.822,47.521,19.071,2,200,28.45
work,appointments,38,47.2093,46.032,18.055,2,200,27.977
work,appointments,39,52.9574,51.71,22.414,2,200,29.296
work,appointments,40,48.9491,47.601,18.904,2,200,28.697
work,card,1,32.1853,30.832,1.806,1,200,29.026
work,card,2,30.0703,28.87,1.866,1,200,27.004
work,card,3,32.2245,31.013,1.755,1,200,29.258
work,card,4,33.748,32.046,2.161,1,200,29.885
work,card,5,30.1285,28.644,2.088,1,200,26.556
work,card,6,36.0225,34.511,3.098,1,200,31.413
work,card,7,32.7294,31.398,2.053,1,200,29.345
work,card,8,31.022,29.486,1.957,1,200,27.529
work,card,9,32.6865,31.579,2.581,1,200,28.998
work,card,10,29.4515,28.321,1.722,1,200,26.599
work,card,11,33.1648,31.778,1.886,1,200,29.892
work,card,12,30.4275,29.077,1.866,1,200,27.211
work,card,13,30.1657,28.926,2.006,1,200,26.92
work,card,14,32.2939,30.826,2.091,1,200,28.735
work,card,15,31.5257,30.396,2.186,1,200,28.21
work,card,16,34.3311,33.156,2.82,1,200,30.336
work,card,17,133.6304,132.431,1.799,1,200,130.632
work,card,18,33.4957,31.905,2.238,1,200,29.667
work,card,19,30.9251,29.817,2.008,1,200,27.809
work,card,20,30.1544,28.743,2.119,1,200,26.624
work,card,21,33.1355,31.869,1.999,1,200,29.87
work,card,22,31.6834,30.625,2.62,1,200,28.005
work,card,23,31.8866,30.708,2.157,1,200,28.551
work,card,24,32.3624,31.114,1.886,1,200,29.228
work,card,25,30.1504,29.143,1.824,1,200,27.319
work,card,26,33.3461,32.239,1.954,1,200,30.285
work,card,27,30.3865,29.181,1.799,1,200,27.382
work,card,28,139.8222,138.686,1.746,1,200,136.94
work,card,29,31.4665,29.942,1.818,1,200,28.124
work,card,30,134.7828,133.705,2.089,1,200,131.616
work,card,31,29.9276,28.741,2.082,1,200,26.659
work,card,32,31.7292,30.56,2.162,1,200,28.398
work,card,33,30.1164,28.976,1.786,1,200,27.19
work,card,34,32.51,31.16,1.73,1,200,29.43
work,card,35,30.9189,29.599,2.866,1,200,26.733
work,card,36,31.7076,30.728,1.692,1,200,29.036
work,card,37,30.4438,29.221,2.399,1,200,26.822
work,card,38,34.6655,33.512,1.958,1,200,31.554
work,card,39,32.7453,31.332,2.142,1,200,29.19
work,card,40,30.7264,29.586,1.932,1,200,27.654
work,create,1,46.5123,45.429,12.184,6,201,33.245
work,create,2,43.8374,42.064,12.771,6,201,29.293
work,create,3,43.8044,42.399,12.526,6,201,29.873
work,create,4,41.2389,39.854,12.658,6,201,27.196
work,create,5,41.297,40.039,12.378,6,201,27.661
work,create,6,40.4017,39.186,12.561,6,201,26.625
work,create,7,41.9641,40.685,12.361,6,201,28.324
work,create,8,42.233,40.967,11.618,6,201,29.349
work,create,9,41.1741,39.889,13.332,6,201,26.557
work,create,10,45.4634,44.28,15.239,6,201,29.041
work,create,11,42.4563,41.268,12.616,6,201,28.652
work,create,12,43.5666,41.775,14.549,6,201,27.226
work,create,13,42.6499,41.493,13.054,6,201,28.439
work,create,14,46.707,45.307,14.139,6,201,31.168
work,create,15,41.6879,40.338,12.676,6,201,27.662
work,create,16,44.9978,43.743,12.98,6,201,30.763
work,create,17,42.1805,41.039,12.908,6,201,28.131
work,create,18,41.848,40.45,12.324,6,201,28.126
work,create,19,40.8872,39.636,12.413,6,201,27.223
work,create,20,45.1283,43.574,12.194,6,201,31.38
work,create,21,43.819,42.353,12.798,6,201,29.555
work,create,22,45.7823,44.562,12.815,6,201,31.747
work,create,23,42.4322,41.441,14.295,6,201,27.146
work,create,24,46.5174,45.038,13.77,6,201,31.268
work,create,25,42.2268,41.063,12.5,6,201,28.563
work,create,26,40.4826,39.371,13.009,6,201,26.362
work,create,27,42.0558,40.945,12.81,6,201,28.135
work,create,28,45.4724,44.34,13.424,6,201,30.916
work,create,29,47.7903,46.273,12.605,6,201,33.668
work,create,30,40.5855,39.08,11.286,6,201,27.794
work,create,31,44.6127,43.363,11.256,6,201,32.107
work,create,32,41.9411,40.541,12.121,6,201,28.42
work,create,33,43.2929,41.921,11.354,6,201,30.567
work,create,34,44.747,43.461,10.855,6,201,32.606
work,create,35,41.4502,40.292,13.147,6,201,27.145
work,create,36,44.42,42.904,12.729,6,201,30.175
work,create,37,44.4662,43.201,12.025,6,201,31.176
work,create,38,40.0227,38.949,11.925,6,201,27.024
work,create,39,43.1181,41.935,13.601,6,201,28.334
work,create,40,44.1566,42.783,13.346,6,201,29.437
work,cancel,1,32.4992,31.162,3.174,3,200,27.988
work,cancel,2,30.7972,29.568,2.902,3,200,26.666
work,cancel,3,35.0481,33.701,3.29,3,200,30.411
work,cancel,4,143.5435,142.361,4.473,3,200,137.888
work,cancel,5,37.2294,35.655,3.446,3,200,32.209
work,cancel,6,34.4778,33.24,3.376,3,200,29.864
work,cancel,7,35.8792,34.52,3.528,3,200,30.992
work,cancel,8,32.5292,31.43,3.334,3,200,28.096
work,cancel,9,31.3683,30.247,2.833,3,200,27.414
work,cancel,10,32.0999,30.983,3.548,3,200,27.435
work,cancel,11,37.8145,36.13,2.861,3,200,33.269
work,cancel,12,30.9287,29.862,3.161,3,200,26.701
work,cancel,13,34.0639,32.703,2.685,3,200,30.018
work,cancel,14,32.074,30.575,3.324,3,200,27.251
work,cancel,15,32.8202,31.458,3.816,3,200,27.642
work,cancel,16,37.5875,36.005,3.848,3,200,32.157
work,cancel,17,33.3818,31.985,3.924,3,200,28.061
work,cancel,18,31.4631,30.216,2.993,3,200,27.223
work,cancel,19,32.7722,31.403,3.228,3,200,28.175
work,cancel,20,32.6976,31.385,3.338,3,200,28.047
work,cancel,21,35.7308,34.181,3.827,3,200,30.354
work,cancel,22,33.546,32.373,3.181,3,200,29.192
work,cancel,23,36.5065,35.023,3.048,3,200,31.975
work,cancel,24,32.7279,31.051,3.899,3,200,27.152
work,cancel,25,31.9361,30.745,3.175,3,200,27.57
work,cancel,26,31.0208,29.89,2.808,3,200,27.082
work,cancel,27,30.3211,29.254,2.911,3,200,26.343
work,cancel,28,33.7549,32.624,3.74,3,200,28.884
work,cancel,29,33.1965,31.914,3.707,3,200,28.207
work,cancel,30,32.9258,31.547,3.427,3,200,28.12
work,cancel,31,33.8236,32.412,3.838,3,200,28.574
work,cancel,32,31.3522,29.683,3.172,3,200,26.511
work,cancel,33,31.5562,30.127,3.054,3,200,27.073
work,cancel,34,30.7179,29.55,2.985,3,200,26.565
work,cancel,35,33.4118,32.04,3.224,3,200,28.816
work,cancel,36,31.6453,30.477,2.995,3,200,27.482
work,cancel,37,32.3608,31.066,2.941,3,200,28.125
work,cancel,38,34.2534,33.157,3.108,3,200,30.049
work,cancel,39,32.2857,31.041,4.175,3,200,26.866
work,cancel,40,33.6105,32.265,3.603,3,200,28.662
work,summary,1,262.6748,261.066,126.336,1,200,134.73
work,summary,2,155.1679,153.863,124.253,1,200,29.61
work,summary,3,144.608,143.131,109.84,1,200,33.291
work,summary,4,152.6926,151.386,122.622,1,200,28.764
work,summary,5,143.1229,141.915,112.321,1,200,29.594
work,summary,6,139.7016,138.262,110.912,1,200,27.35
work,summary,7,142.1191,140.766,111.205,1,200,29.561
work,summary,8,139.7235,138.606,109.484,1,200,29.122
work,summary,9,139.7275,138.228,106.955,1,200,31.273
work,summary,10,142.3907,141.111,110.948,1,200,30.163
work,summary,11,138.9607,137.687,108.098,1,200,29.589
work,summary,12,147.5328,145.848,112.943,1,200,32.905
work,summary,13,144.0172,142.804,114.211,1,200,28.593
work,summary,14,140.7754,138.977,109.334,1,200,29.643
work,summary,15,137.0553,135.844,106.907,1,200,28.937
work,summary,16,145.921,144.447,112.064,1,200,32.383
work,summary,17,141.6444,140.243,108.366,1,200,31.877
work,summary,18,148.4089,147.217,114.857,1,200,32.36
work,summary,19,154.8675,153.42,124.176,1,200,29.244
work,summary,20,144.3744,143.039,109.519,1,200,33.52
work,summary,21,145.227,144.075,114.641,1,200,29.434
work,summary,22,144.6928,143.466,109.643,1,200,33.823
work,summary,23,140.8794,139.382,110.681,1,200,28.701
work,summary,24,138.1271,136.775,108.477,1,200,28.298
work,summary,25,149.4107,148.036,118.366,1,200,29.67
work,summary,26,142.2578,140.946,110.222,1,200,30.724
work,summary,27,153.0867,151.419,123.165,1,200,28.254
work,summary,28,147.9023,146.354,112.407,1,200,33.947
work,summary,29,145.2489,143.76,113.247,1,200,30.513
work,summary,30,142.2564,140.324,111.474,1,200,28.85
work,summary,31,141.8496,140.575,111.339,1,200,29.236
work,summary,32,150.5204,149.146,118.209,1,200,30.937
work,summary,33,149.1456,147.694,111.799,1,200,35.895
work,summary,34,143.0748,141.646,111.589,1,200,30.057
work,summary,35,139.9747,138.758,110.073,1,200,28.685
work,summary,36,156.9101,155.668,124.941,1,200,30.727
work,summary,37,138.7683,137.586,107.37,1,200,30.216
work,summary,38,149.5403,148.32,117.817,1,200,30.503
work,summary,39,143.518,142.26,110.668,1,200,31.592
work,summary,40,140.603,139.206,109.264,1,200,29.942
